frame_index,source_frame,hold_vblanks,entry_data_size,initial_full_dirty,cleanup_bytes,cleanup_intervals,draw_exact_bytes,draw_exact_intervals,runtime_full_width_bytes,runtime_full_width_rows,runtime_full_width_rects,runtime_cap_hit,xband_exact_align4_bytes,xband_exact_align4_rects,xband_exact_align4_cap_hit,xband_exact_align4_draw_covered_bytes,xband_exact_align4_draw_covered_rects,xband_exact_align4_all_draw_covered,xband_exact_align4_saved_bytes,xband_exact_align4_saved_percent,exact_interval_upload_bytes,exact_interval_upload_rects,selective_plan,budgeted_selective_plan
0,2,9,999,True,0,0,2488,97,614400,960,4,0,614400,4,0,0,0,0,0,0.0,614400,960,excluded_threshold,excluded_threshold
1,4,17,1200,False,1152,86,1682,133,49280,77,1,0,5544,1,0,0,0,0,43736,88.75,2834,179,selected,selected
2,6,25,1277,False,1212,83,1884,148,48640,76,1,0,5472,1,0,0,0,0,43168,88.75,3096,184,selected,selected
3,8,33,1331,False,676,86,1594,199,48000,75,1,0,5400,1,0,0,0,0,42600,88.75,2270,231,selected,selected
4,10,41,1302,False,1044,88,1808,163,49920,78,1,0,6240,1,0,0,0,0,43680,87.5,2852,211,selected,selected
5,12,49,1304,False,1026,84,1634,181,50560,79,1,0,5688,1,0,0,0,0,44872,88.75,2660,218,selected,selected
6,14,50,1315,False,966,88,1950,149,49920,78,1,0,6240,1,0,0,0,0,43680,87.5,2916,188,selected,selected
7,15,57,1200,False,1152,86,1682,133,49280,77,1,0,5544,1,0,0,0,0,43736,88.75,2834,179,selected,selected
8,16,65,1313,False,950,84,1724,180,48640,76,1,0,5472,1,0,0,0,0,43168,88.75,2674,216,selected,selected
9,18,73,1300,False,844,88,1796,165,48000,75,1,0,4800,1,0,0,0,0,43200,90.0,2640,200,selected,selected
10,20,81,1302,False,1044,88,1808,163,49920,78,1,0,6240,1,0,0,0,0,43680,87.5,2852,211,selected,selected
11,22,89,1256,False,1040,84,1828,139,49920,78,1,0,5616,1,0,0,0,0,44304,88.75,2868,180,selected,selected
12,24,97,1357,False,1098,84,1838,183,49920,78,1,0,6240,1,0,0,0,0,43680,87.5,2936,216,selected,selected
13,26,105,1200,False,1152,86,1682,133,49280,77,1,0,5544,1,0,0,0,0,43736,88.75,2834,179,selected,selected
14,28,106,1288,False,962,83,1718,170,48640,76,1,0,5472,1,0,0,0,0,43168,88.75,2680,209,selected,selected
15,29,113,1272,False,680,83,1732,165,48000,75,1,0,4800,1,0,0,0,0,43200,90.0,2412,193,selected,selected
16,30,121,1286,False,1164,86,1880,151,49920,78,1,0,6240,1,0,0,0,0,43680,87.5,3044,199,selected,selected
17,32,129,1304,False,1026,84,1634,181,50560,79,1,0,5688,1,0,0,0,0,44872,88.75,2660,218,selected,selected
18,34,137,1299,False,694,84,1846,161,49920,78,1,0,5616,1,0,0,0,0,44304,88.75,2540,187,selected,selected
19,36,145,1238,False,908,84,1366,191,51840,81,3,0,4904,3,0,0,0,0,46936,90.54,2274,222,selected,selected
20,38,153,1262,False,824,85,1786,209,90240,141,3,0,4688,3,0,0,0,0,85552,94.8,2610,243,selected,selected
21,40,155,1312,False,1290,109,1922,181,96000,150,2,0,6000,2,0,0,0,0,90000,93.75,3212,246,selected,selected
22,41,161,1845,False,670,58,1776,238,101120,158,3,0,6720,3,0,0,0,0,94400,93.35,2446,276,selected,selected
23,42,165,297,False,26,4,382,29,8320,13,1,0,624,1,0,0,0,0,7696,92.5,408,31,excluded_threshold,excluded_threshold
24,43,169,533,False,44,5,894,70,12160,19,1,0,1672,1,0,0,0,0,10488,86.25,938,74,excluded_threshold,excluded_threshold
25,44,173,687,False,278,27,1094,111,14720,23,1,0,2760,1,0,0,0,0,11960,81.25,1372,128,excluded_threshold,excluded_threshold
26,45,177,694,False,662,29,1068,115,14720,23,1,0,3496,1,0,0,0,0,11224,76.25,1730,130,excluded_threshold,excluded_threshold
27,46,181,666,False,680,30,1134,98,16000,25,1,0,3800,1,0,0,0,0,12200,76.25,1814,115,excluded_threshold,excluded_threshold
28,47,185,653,False,374,26,836,128,16000,25,1,0,3400,1,0,0,0,0,12600,78.75,1210,144,excluded_threshold,excluded_threshold
29,48,189,624,False,284,24,782,124,15360,24,1,0,2880,1,0,0,0,0,12480,81.25,1066,140,excluded_threshold,excluded_threshold
30,49,191,1226,False,420,58,1536,226,90880,142,5,0,5392,5,0,0,0,0,85488,94.07,1956,243,selected,selected
31,50,193,682,False,192,21,842,143,16000,25,1,0,2800,1,0,0,0,0,13200,82.5,1034,157,excluded_threshold,excluded_threshold
32,51,197,646,False,318,26,764,133,16640,26,1,0,2912,1,0,0,0,0,13728,82.5,1082,148,excluded_threshold,excluded_threshold
33,52,201,656,False,274,25,918,122,16000,25,1,0,3000,1,0,0,0,0,13000,81.25,1192,137,excluded_threshold,excluded_threshold
34,53,205,651,False,396,24,930,118,15360,24,1,0,3264,1,0,0,0,0,12096,78.75,1326,133,excluded_threshold,excluded_threshold
35,54,209,655,False,368,29,978,109,15360,24,1,0,3264,1,0,0,0,0,12096,78.75,1346,123,excluded_threshold,excluded_threshold
36,55,213,715,False,282,28,978,140,14720,23,1,0,3128,1,0,0,0,0,11592,78.75,1260,154,excluded_threshold,excluded_threshold
37,56,217,646,False,472,31,864,116,14720,23,1,0,3496,1,0,0,0,0,11224,76.25,1336,138,excluded_threshold,excluded_threshold
38,57,221,2013,False,1274,118,3136,319,107520,168,4,0,11120,4,0,0,0,0,96400,89.66,4410,368,selected,selected
39,58,225,692,False,424,32,856,138,16000,25,1,0,3800,1,0,0,0,0,12200,76.25,1280,154,excluded_threshold,excluded_threshold
40,59,229,684,False,366,32,890,127,16000,25,1,0,4000,1,0,0,0,0,12000,75.0,1256,147,excluded_threshold,excluded_threshold
41,60,233,648,False,302,28,764,130,15360,24,1,0,3648,1,0,0,0,0,11712,76.25,1066,146,excluded_threshold,excluded_threshold
42,61,236,1623,False,1222,91,2968,242,99840,156,2,0,8104,2,0,0,0,0,91736,91.88,4190,277,selected,selected
43,62,237,722,False,482,27,1072,128,16000,25,1,0,3800,1,0,0,0,0,12200,76.25,1554,144,excluded_threshold,excluded_threshold
44,63,241,728,False,384,30,886,145,16000,25,1,0,3400,1,0,0,0,0,12600,78.75,1270,159,excluded_threshold,excluded_threshold
45,64,243,1517,False,906,125,2370,199,92160,144,4,0,9280,4,0,0,0,0,82880,89.93,3276,240,selected,selected
46,65,245,2426,False,2784,205,3356,369,126080,197,6,0,15144,6,0,0,0,0,110936,87.99,6140,466,selected,selected
47,66,249,2403,False,1896,194,3256,395,142720,223,4,0,27904,4,0,0,0,0,114816,80.45,5152,531,selected,selected
48,67,253,2396,False,1474,161,3400,426,104320,163,4,0,25784,4,0,0,0,0,78536,75.28,4874,505,selected,selected
49,68,257,2202,False,2516,206,3032,336,129280,202,5,0,13768,5,0,0,0,0,115512,89.35,5548,490,selected,selected
50,69,261,1631,False,1908,134,2156,276,95360,149,4,0,10904,4,0,0,0,0,84456,88.57,4064,372,selected,selected
51,70,265,1878,False,1226,115,2944,323,106240,166,6,0,10392,6,0,0,0,0,95848,90.22,4170,364,selected,selected
52,71,269,2326,False,1324,159,3202,387,119680,187,5,0,12432,5,0,0,0,0,107248,89.61,4526,472,selected,selected
53,72,273,2347,False,1986,184,3188,388,142720,223,4,0,30976,4,0,0,0,0,111744,78.3,5174,521,selected,selected
54,73,277,2339,False,1468,153,3404,403,103040,161,4,0,29176,4,0,0,0,0,73864,71.68,4872,498,selected,excluded_budget
55,74,281,2088,False,2510,189,2924,314,129280,202,5,0,14768,5,0,0,0,0,114512,88.58,5434,449,selected,selected
56,75,285,1701,False,2016,130,2462,279,96000,150,4,0,11824,4,0,0,0,0,84176,87.68,4478,380,selected,selected
57,76,289,1920,False,1418,106,3168,324,106240,166,6,0,10968,6,0,0,0,0,95272,89.68,4586,355,selected,selected
58,77,293,2330,False,1720,169,3352,358,121600,190,5,0,13200,5,0,0,0,0,108400,89.14,5072,453,selected,selected
59,78,297,2343,False,2084,186,3338,368,142720,223,4,0,36096,4,0,0,0,0,106624,74.71,5422,500,selected,excluded_budget
60,79,301,2235,False,1692,148,3370,367,103680,162,4,0,35192,4,0,0,0,0,68488,66.06,5062,461,selected,excluded_budget
61,80,305,2153,False,2724,178,3120,290,129280,202,5,0,14568,5,0,0,0,0,114712,88.73,5844,423,selected,selected
62,81,309,1887,False,2344,123,2506,245,96000,150,4,0,11624,4,0,0,0,0,84376,87.89,4850,337,selected,selected
63,82,313,2286,False,1380,106,3026,319,106880,167,6,0,10320,6,0,0,0,0,96560,90.34,4406,354,selected,selected
64,83,317,3028,False,1650,163,3448,366,124160,194,5,0,13104,5,0,0,0,0,111056,89.45,5098,454,selected,selected
65,84,321,2961,False,2246,185,3464,358,136960,214,4,0,38152,4,0,0,0,0,98808,72.14,5710,489,selected,excluded_budget
66,85,325,2799,False,1690,151,3388,375,94080,147,4,0,32424,4,0,0,0,0,61656,65.54,5078,466,selected,excluded_budget
67,86,329,2492,False,2568,181,2960,317,121600,190,4,0,33400,4,0,0,0,0,88200,72.53,5528,452,selected,excluded_budget
68,87,333,1894,False,2002,126,2444,266,96640,151,4,0,11144,4,0,0,0,0,85496,88.47,4446,361,selected,selected
69,88,337,2134,False,1726,105,3332,279,107520,168,6,0,11272,6,0,0,0,0,96248,89.52,5058,310,selected,selected
70,89,341,2357,False,1592,166,3422,361,115840,181,4,0,25568,4,0,0,0,0,90272,77.93,5014,446,selected,selected
71,90,345,2256,False,2470,184,3598,331,128640,201,4,0,26736,4,0,0,0,0,101904,79.22,6068,469,selected,selected
72,91,349,2200,False,1732,153,3552,365,89600,140,4,0,22792,4,0,0,0,0,66808,74.56,5284,461,selected,excluded_budget
73,92,353,2042,False,2842,185,3116,296,115840,181,4,0,23320,4,0,0,0,0,92520,79.87,5958,436,selected,selected
74,93,357,1659,False,2238,134,2432,260,96000,150,4,0,12224,4,0,0,0,0,83776,87.27,4670,362,selected,selected
75,94,361,1893,False,1782,114,3290,289,106880,167,6,0,11720,6,0,0,0,0,95160,89.03,5072,330,selected,selected
76,95,365,2423,False,1626,164,3536,386,118400,185,4,0,20600,4,0,0,0,0,97800,82.6,5162,475,selected,selected
77,96,369,2327,False,1952,189,3220,396,128640,201,4,0,19344,4,0,0,0,0,109296,84.96,5172,536,selected,selected
78,97,373,2265,False,1620,161,3378,396,90240,141,4,0,17368,4,0,0,0,0,72872,80.75,4998,493,selected,selected
79,98,377,2130,False,2626,184,3106,328,122240,191,4,0,21800,4,0,0,0,0,100440,82.17,5732,459,selected,selected
80,99,381,1757,False,2154,131,2484,304,97280,152,4,0,11048,4,0,0,0,0,86232,88.64,4638,391,selected,selected
81,100,385,1985,False,1520,110,3188,346,108160,169,6,0,10344,6,0,0,0,0,97816,90.44,4708,376,selected,selected
82,101,389,2376,False,1578,173,3284,382,122880,192,5,0,12864,5,0,0,0,0,110016,89.53,4862,474,selected,selected
83,102,393,2348,False,2104,186,3408,371,138240,216,4,0,24696,4,0,0,0,0,113544,82.14,5512,498,selected,selected
84,103,397,2335,False,1636,149,3538,398,101760,159,4,0,24992,4,0,0,0,0,76768,75.44,5174,487,selected,excluded_budget
85,104,401,2127,False,2642,189,3010,322,129280,202,5,0,14568,5,0,0,0,0,114712,88.73,5652,464,selected,selected
86,105,405,1705,False,2116,129,2544,272,96640,151,4,0,11976,4,0,0,0,0,84664,87.61,4660,368,selected,selected
87,106,409,1877,False,1604,117,3096,299,106880,167,6,0,11520,6,0,0,0,0,95360,89.22,4700,342,selected,selected
88,107,413,2376,False,1690,170,3446,365,122240,191,5,0,13944,5,0,0,0,0,108296,88.59,5136,462,selected,selected
89,108,417,2321,False,2200,187,3364,356,143360,224,4,0,35512,4,0,0,0,0,107848,75.23,5564,498,selected,excluded_budget
90,109,421,2305,False,1658,152,3416,390,104320,163,4,0,34624,4,0,0,0,0,69696,66.81,5074,487,selected,excluded_budget
91,110,425,2104,False,2600,184,2968,315,128000,200,5,0,14464,5,0,0,0,0,113536,88.7,5568,449,selected,selected
92,111,429,1744,False,2298,131,2514,255,95360,149,4,0,11672,4,0,0,0,0,83688,87.76,4812,351,selected,selected
93,112,433,2248,False,1598,113,3296,315,106240,166,6,0,10968,6,0,0,0,0,95272,89.68,4894,348,selected,selected
94,113,437,3025,False,1940,168,3562,347,121600,190,5,0,13392,5,0,0,0,0,108208,88.99,5502,438,selected,selected
95,114,441,3063,False,2248,186,3456,368,141440,221,4,0,43616,4,0,0,0,0,97824,69.16,5704,501,selected,excluded_budget
96,115,445,2967,False,1686,155,3536,372,101760,159,4,0,43048,4,0,0,0,0,58712,57.7,5222,469,selected,excluded_budget
97,116,449,2752,False,2852,190,3218,307,129280,202,5,0,14768,5,0,0,0,0,114512,88.58,6070,447,selected,selected
98,117,453,1990,False,2298,131,2268,250,95360,149,4,0,10904,4,0,0,0,0,84456,88.57,4566,346,selected,selected
99,118,457,2033,False,1884,106,2590,249,105600,165,6,0,9344,6,0,0,0,0,96256,91.15,4474,286,selected,selected
100,119,461,2542,False,1672,162,2482,257,120960,189,5,0,10664,5,0,0,0,0,110296,91.18,4154,353,selected,selected
101,120,561,2618,False,1452,116,3268,290,114560,179,6,0,8544,6,0,0,0,0,106016,92.54,4720,362,selected,selected
102,133,577,1588,False,1562,115,2496,237,98560,154,4,0,7856,4,0,0,0,0,90704,92.03,4058,295,selected,selected
103,136,593,1657,False,1590,136,2952,195,92160,144,6,0,9720,6,0,0,0,0,82440,89.45,4542,274,selected,selected
104,139,609,2361,False,2302,171,3820,356,77440,121,4,0,16256,4,0,0,0,0,61184,79.01,6122,417,selected,selected
105,142,617,3453,False,2652,286,5680,496,65280,102,3,0,17736,3,0,0,0,0,47544,72.83,8332,648,selected,excluded_budget
106,144,633,3267,False,4062,398,3966,505,55040,86,2,0,20280,2,0,0,0,0,34760,63.15,8028,713,selected,excluded_budget
107,146,649,3148,False,4226,350,5616,334,51200,80,1,0,24960,1,0,0,0,0,26240,51.25,9842,613,excluded_threshold,excluded_threshold
108,149,665,2649,False,5418,399,3008,324,68480,107,2,0,26152,2,0,0,0,0,42328,61.81,8426,583,selected,excluded_budget
109,152,681,2267,False,3096,393,3078,148,78080,122,2,0,28384,2,0,0,0,0,49696,63.65,6174,515,selected,excluded_budget
110,155,697,1590,False,2300,130,2578,170,48640,76,2,0,10336,2,0,0,0,0,38304,78.75,4878,262,selected,selected
111,158,704,1664,False,2878,102,3386,140,74880,117,2,0,17208,2,0,0,0,0,57672,77.02,6264,232,selected,excluded_budget
112,159,705,3154,False,3420,129,6916,164,154240,241,2,0,19736,2,0,0,0,0,134504,87.2,10336,293,selected,selected
113,160,709,7171,False,0,0,13614,886,135040,211,2,0,22048,2,0,0,0,0,112992,83.67,13614,886,selected,selected
114,161,713,6529,False,24310,212,0,0,275200,430,4,1,275200,4,1,0,0,0,0,0.0,24310,212,excluded_cap_hit,excluded_cap_hit
115,162,717,14226,False,0,0,26380,2459,177280,277,2,0,50488,2,0,0,0,0,126792,71.52,26380,2459,selected,excluded_budget
116,163,721,5733,False,47182,277,0,0,216960,339,4,1,216960,4,1,0,0,0,0,0.0,47182,277,excluded_cap_hit,excluded_cap_hit
117,164,725,3667,False,55884,294,0,0,187520,293,4,0,120872,4,0,0,0,0,66648,35.54,55884,294,excluded_threshold,excluded_threshold
118,165,729,2628,False,20758,293,0,0,187520,293,3,0,30568,3,0,0,0,0,156952,83.7,20758,293,selected,selected
119,166,733,2616,False,58434,293,0,0,187520,293,3,0,75112,3,0,0,0,0,112408,59.94,58434,293,selected,excluded_budget
120,167,737,2616,False,58434,293,0,0,187520,293,3,0,75112,3,0,0,0,0,112408,59.94,58434,293,selected,excluded_budget
121,168,741,2616,False,11254,101,0,0,64640,101,4,0,18944,4,0,0,0,0,45696,70.69,11254,101,selected,excluded_budget
122,169,745,2616,False,58434,293,0,0,187520,293,3,0,72768,3,0,0,0,0,114752,61.19,58434,293,selected,excluded_budget
123,170,749,3293,False,19084,297,0,0,190080,297,6,0,28592,6,0,0,0,0,161488,84.96,19084,297,selected,selected
124,171,753,1799,False,62508,293,0,0,187520,293,3,0,77456,3,0,0,0,0,110064,58.69,62508,293,selected,excluded_budget
125,172,757,1312,False,76490,336,0,0,215040,336,4,0,90056,4,0,0,0,0,124984,58.12,76490,336,selected,excluded_budget
126,173,761,1413,False,54900,256,0,0,163200,255,5,0,65480,5,0,0,0,0,97720,59.88,54900,256,selected,excluded_budget
127,174,765,16992,False,0,0,32260,3577,352640,551,7,0,81056,7,0,0,0,0,271584,77.01,32260,3577,selected,excluded_budget
128,175,769,17025,False,0,0,32248,3573,369280,577,4,1,369280,4,1,0,0,0,0,0.0,32248,3573,excluded_cap_hit,excluded_cap_hit
129,176,773,17042,False,0,0,33306,3472,372480,582,4,1,372480,4,1,0,0,0,0,0.0,33306,3472,excluded_cap_hit,excluded_cap_hit
130,177,777,16997,False,0,0,32144,3529,267520,418,4,1,267520,4,1,0,0,0,0,0.0,32144,3529,excluded_cap_hit,excluded_cap_hit
131,178,781,16997,False,0,0,32050,3524,193280,302,2,0,92232,2,0,0,0,0,101048,52.28,32050,3524,selected,excluded_budget
132,179,785,17069,False,0,0,33162,3447,193280,302,2,0,92232,2,0,0,0,0,101048,52.28,33162,3447,selected,excluded_budget
133,180,789,17001,False,0,0,32176,3515,193280,302,2,0,89816,2,0,0,0,0,103464,53.53,32176,3515,selected,excluded_budget
134,181,793,17029,False,0,0,33168,3431,193280,302,2,0,89816,2,0,0,0,0,103464,53.53,33168,3431,selected,excluded_budget
135,182,797,16890,False,0,0,31882,3495,193280,302,2,0,89816,2,0,0,0,0,103464,53.53,31882,3495,selected,excluded_budget
136,183,801,16828,False,0,0,31946,3463,193280,302,2,0,89816,2,0,0,0,0,103464,53.53,31946,3463,selected,excluded_budget
137,184,805,16888,False,4,2,33008,3382,193280,302,2,0,89816,2,0,0,0,0,103464,53.53,33012,3383,selected,excluded_budget
138,185,809,15679,False,0,0,27342,3460,193280,302,2,0,80360,2,0,0,0,0,112920,58.42,27342,3460,selected,excluded_budget
139,186,813,12778,False,0,0,20442,2951,193280,302,2,0,70064,2,0,0,0,0,123216,63.75,20442,2951,selected,excluded_budget
140,187,817,8971,False,0,0,14044,2009,192640,301,3,0,50992,3,0,0,0,0,141648,73.53,14044,2009,selected,excluded_budget
141,188,821,5432,False,24,12,7584,1182,193280,302,2,1,193280,2,1,0,0,0,0,0.0,7608,1194,excluded_cap_hit,excluded_cap_hit
142,189,825,3497,False,1090,445,2962,493,189440,296,2,1,189440,2,1,0,0,0,0,0.0,4052,930,excluded_cap_hit,excluded_cap_hit
143,190,874,3744,False,292320,1063,0,0,386560,604,4,0,294752,4,0,0,0,0,91808,23.75,292320,1063,excluded_threshold,excluded_threshold
