scene_slug,ads,tag,tide,boot,cd_pack,source_pack,pack_bytes,last_summary,last_run_at,stats_version,loop_vb,target_vb,over_target_vb,over_target_percent,blocking_vb,prefetch_overrun_vb,loop_reads,loop_read_vb,due_misses,pack_lba,pack_sectors,status,notes
activity1,ACTIVITY,1,high,fgpilot activity1 lowtide 0 night 1 holiday 0 raft-stage 4 island-pos -154 54 perf-log noloop seed 1,FG\ACTV1.FG2,generated/ps1/foreground/ACTIVITY1.FG2,693638,scratch/ps1-perf-iterate/compact-fgp3-v2-fullmatrix/20260429-164726/activity1-high/perf-summary.json,2026-04-29T16:47:26,compact-fgp3-v2-fullmatrix,4373,4243,130,3.06,1,1,50,231,0,1822,339,measured,
activity1,ACTIVITY,1,low,fgpilot activity1 lowtide 1 night 1 holiday 0 raft-stage 4 island-pos -154 54 perf-log noloop seed 1,FG\ACTV1LOW.FG2,generated/ps1/foreground/ACTV1LOW.FG2,693638,scratch/ps1-perf-iterate/compact-fgp3-v2-fullmatrix/20260429-164909/activity1-low/perf-summary.json,2026-04-29T16:49:09,compact-fgp3-v2-fullmatrix,4373,4243,130,3.06,1,1,50,205,0,2161,339,measured,
activity4,ACTIVITY,4,high,fgpilot activity4 lowtide 0 night 1 holiday 0 raft-stage 4 island-pos -154 54 perf-log noloop seed 1,FG\ACTV4.FG2,generated/ps1/foreground/ACTIVITY4.FG2,295098,scratch/ps1-perf-iterate/activity4-current-check/20260430-080806-2192058/summary.json,2026-04-30T08:08:06,compact-fgp3-v34-visitor1high-prime,1202,1069,133,12.44,0,0,0,0,0,2500,145,measured,
activity4,ACTIVITY,4,low,fgpilot activity4 lowtide 1 night 1 holiday 0 raft-stage 4 island-pos -154 54 perf-log noloop seed 1,FG\ACTV4LOW.FG2,generated/ps1/foreground/ACTV4LOW.FG2,200222,scratch/ps1-perf-iterate/auto-fgp3-prime-224-refresh/20260430-065815-1791215/summary.json,2026-04-30T06:58:15,compact-fgp3-v31-auto224,1202,1069,133,12.44,0,0,0,0,0,2645,98,measured,
activity5,ACTIVITY,5,high,fgpilot activity5 lowtide 0 night 1 holiday 0 raft-stage 4 island-pos -154 54 perf-log noloop seed 1,FG\ACTV5.FG2,generated/ps1/foreground/ACTIVITY5.FG2,638384,scratch/ps1-perf-iterate/compact-fgp3-v2-fullmatrix/20260429-165248/activity5-high/perf-summary.json,2026-04-29T16:52:48,compact-fgp3-v2-fullmatrix,1867,1707,160,9.37,27,10,48,209,4,2743,312,measured,
activity5,ACTIVITY,5,low,fgpilot activity5 lowtide 1 night 1 holiday 0 raft-stage 4 island-pos -154 54 perf-log noloop seed 1,FG\ACTV5LOW.FG2,generated/ps1/foreground/ACTV5LOW.FG2,486136,scratch/ps1-perf-iterate/compact-fgp3-v2-fullmatrix/20260429-165353/activity5-low/perf-summary.json,2026-04-29T16:53:53,compact-fgp3-v2-fullmatrix,1860,1707,153,8.96,26,12,36,161,3,3055,238,measured,
activity6,ACTIVITY,6,high,fgpilot activity6 lowtide 0 night 1 holiday 0 raft-stage 4 island-pos -154 54 perf-log noloop seed 1,FG\ACTV6.FG2,generated/ps1/foreground/ACTIVITY6.FG2,100620,scratch/ps1-perf-iterate/medium-fgp3-prime-refresh/20260430-061351-1531167/summary.json,2026-04-30T06:13:51,compact-fgp3-v30-mediumprime,1043,911,132,14.49,0,0,0,0,0,3293,50,measured,
activity6,ACTIVITY,6,low,fgpilot activity6 lowtide 1 night 1 holiday 0 raft-stage 4 island-pos -154 54 perf-log noloop seed 1,FG\ACTV6LOW.FG2,generated/ps1/foreground/ACTV6LOW.FG2,100620,scratch/ps1-perf-iterate/medium-fgp3-prime-refresh/20260430-061351-1531167/summary.json,2026-04-30T06:13:51,compact-fgp3-v30-mediumprime,1043,911,132,14.49,0,0,0,0,0,3343,50,measured,
activity7,ACTIVITY,7,high,fgpilot activity7 lowtide 0 night 1 holiday 0 raft-stage 4 island-pos -154 54 perf-log noloop seed 1,FG\ACTV7.FG2,generated/ps1/foreground/ACTIVITY7.FG2,147625,scratch/ps1-perf-iterate/medium-fgp3-prime-refresh/20260430-061351-1531167/summary.json,2026-04-30T06:13:51,compact-fgp3-v30-mediumprime,746,615,131,21.30,0,0,0,0,0,3393,73,measured,
activity7,ACTIVITY,7,low,fgpilot activity7 lowtide 1 night 1 holiday 0 raft-stage 4 island-pos -154 54 perf-log noloop seed 1,FG\ACTV7LOW.FG2,generated/ps1/foreground/ACTV7LOW.FG2,92891,scratch/ps1-perf-iterate/medium-fgp3-prime-refresh/20260430-061351-1531167/summary.json,2026-04-30T06:13:51,compact-fgp3-v30-mediumprime,746,615,131,21.30,0,0,0,0,0,3466,46,measured,
activity8,ACTIVITY,8,high,fgpilot activity8 lowtide 0 night 1 holiday 0 raft-stage 4 island-pos -154 54 perf-log noloop seed 1,FG\ACTV8.FG2,generated/ps1/foreground/ACTIVITY8.FG2,173564,scratch/ps1-perf-iterate/activity8-fgp3-auto-prime-retry/20260430-130710-3881684/summary.json,2026-04-30T13:07:10,compact-fgp3-v45-activity8-auto-prime,1043,905,138,15.25,0,0,0,0,0,3512,85,measured,
activity8,ACTIVITY,8,low,fgpilot activity8 lowtide 1 night 1 holiday 0 raft-stage 4 island-pos -154 54 perf-log noloop seed 1,FG\ACTV8LOW.FG2,generated/ps1/foreground/ACTV8LOW.FG2,173564,scratch/ps1-perf-iterate/activity8-fgp3-auto-prime-retry/20260430-130710-3881684/summary.json,2026-04-30T13:07:10,compact-fgp3-v45-activity8-auto-prime,1043,905,138,15.25,0,0,0,0,0,3597,85,measured,
activity9,ACTIVITY,9,high,fgpilot activity9 lowtide 0 night 1 holiday 0 raft-stage 4 island-pos -154 54 perf-log noloop seed 1,FG\ACTV9.FG2,generated/ps1/foreground/ACTIVITY9.FG2,1752713,scratch/ps1-perf-iterate/activity9-high-window20-table/20260430-193706-1943777/summary.json,2026-04-30T19:37:06,compact-fgp3-v58-activity9high-window20-table,2259,2047,212,10.36,84,53,108,548,6,3682,856,measured,
activity9,ACTIVITY,9,low,fgpilot activity9 lowtide 1 night 1 holiday 0 raft-stage 4 island-pos -154 54 perf-log noloop seed 1,FG\ACTV9LOW.FG2,generated/ps1/foreground/ACTV9LOW.FG2,1672165,scratch/ps1-perf-iterate/compact-fgp3-v2-fullmatrix/20260429-170137/activity9-low/perf-summary.json,2026-04-29T17:01:37,compact-fgp3-v2-fullmatrix,2272,2044,228,11.15,94,58,134,645,8,4774,817,measured,
activity10,ACTIVITY,10,high,fgpilot activity10 lowtide 0 night 1 holiday 0 raft-stage 4 island-pos -154 54 perf-log noloop seed 1,FG\ACTV10.FG2,generated/ps1/foreground/ACTIVITY10.FG2,280883,scratch/ps1-perf-iterate/auto-fgp3-prime-288-probe/20260430-072355-1940117/summary.json,2026-04-30T07:23:55,compact-fgp3-v33-auto288,1399,1262,137,10.86,0,0,0,0,0,5591,138,measured,
activity10,ACTIVITY,10,low,fgpilot activity10 lowtide 1 night 1 holiday 0 raft-stage 4 island-pos -154 54 perf-log noloop seed 1,FG\ACTV10L.FG2,generated/ps1/foreground/ACTV10L.FG2,302878,scratch/ps1-perf-iterate/compact-fgp3-v2-fullmatrix/20260429-170348/activity10-low/perf-summary.json,2026-04-29T17:03:48,compact-fgp3-v2-fullmatrix,1401,1258,143,11.37,14,4,22,96,2,5729,148,measured,
activity11,ACTIVITY,11,high,fgpilot activity11 lowtide 0 night 1 holiday 0 raft-stage 4 island-pos -154 54 perf-log noloop seed 1,FG\ACTV11.FG2,generated/ps1/foreground/ACTIVITY11.FG2,201945,scratch/ps1-perf-iterate/auto-fgp3-prime-224-refresh/20260430-065815-1791215/summary.json,2026-04-30T06:58:15,compact-fgp3-v31-auto224,1859,1725,134,7.77,0,0,0,0,0,5877,99,measured,
activity11,ACTIVITY,11,low,fgpilot activity11 lowtide 1 night 1 holiday 0 raft-stage 4 island-pos -154 54 perf-log noloop seed 1,FG\ACTV11L.FG2,generated/ps1/foreground/ACTV11L.FG2,201945,scratch/ps1-perf-iterate/auto-fgp3-prime-224-refresh/20260430-065815-1791215/summary.json,2026-04-30T06:58:15,compact-fgp3-v31-auto224,1859,1725,134,7.77,0,0,0,0,0,5976,99,measured,
activity12,ACTIVITY,12,high,fgpilot activity12 lowtide 0 night 1 holiday 0 raft-stage 4 island-pos -154 54 perf-log noloop seed 1,FG\ACTV12.FG2,generated/ps1/foreground/ACTIVITY12.FG2,338314,scratch/ps1-perf-iterate/activity12-high-setupprime-test/20260430-085942-2489301/summary.json,2026-04-30T08:59:42,compact-fgp3-v38-activity12high-prime,1543,1415,128,9.05,0,0,0,0,0,6075,166,measured,
activity12,ACTIVITY,12,low,fgpilot activity12 lowtide 1 night 1 holiday 0 raft-stage 4 island-pos -154 54 perf-log noloop seed 1,FG\ACTV12L.FG2,generated/ps1/foreground/ACTV12L.FG2,363249,scratch/ps1-perf-iterate/compact-fgp3-v2-fullmatrix/20260429-170849/activity12-low/perf-summary.json,2026-04-29T17:08:49,compact-fgp3-v2-fullmatrix,1543,1411,132,9.36,8,4,25,122,1,6241,178,measured,
building1,BUILDING,1,high,fgpilot building1 lowtide 0 night 1 holiday 0 raft-stage 4 island-pos -154 54 perf-log noloop seed 1,FG\BUIL1.FG2,generated/ps1/foreground/BUILDING1.FG2,529556,scratch/ps1-perf-iterate/compact-fgp3-v2-fullmatrix/20260429-170955/building1-high/perf-summary.json,2026-04-29T17:09:55,compact-fgp3-v2-fullmatrix,951,771,180,23.35,63,25,44,188,8,6419,259,measured,
building1,BUILDING,1,low,fgpilot building1 lowtide 1 night 1 holiday 0 raft-stage 4 island-pos -154 54 perf-log noloop seed 1,FG\BUIL1LOW.FG2,generated/ps1/foreground/BUIL1LOW.FG2,460081,scratch/ps1-perf-iterate/compact-fgp3-v2-fullmatrix/20260429-171045/building1-low/perf-summary.json,2026-04-29T17:10:45,compact-fgp3-v2-fullmatrix,935,780,155,19.87,37,18,37,159,4,6678,225,measured,
building2,BUILDING,2,high,fgpilot building2 lowtide 0 night 1 holiday 0 raft-stage 4 island-pos -154 54 perf-log noloop seed 1,FG\BUIL2.FG2,generated/ps1/foreground/BUILDING2.FG2,868961,scratch/ps1-perf-iterate/building2-low-group318-330-high-canary/20260501-045407-853672/summary.json,2026-05-01T04:54:07,compact-fgp3-v64-building2-group318-330,1552,1296,256,19.75,144,39,69,325,19,6678,425,measured,
building2,BUILDING,2,low,fgpilot building2 lowtide 1 night 1 holiday 0 raft-stage 4 island-pos -154 54 perf-log noloop seed 1,FG\BUIL2LOW.FG2,generated/ps1/foreground/BUIL2LOW.FG2,868961,scratch/ps1-perf-iterate/building2-low-group318-330-repeat/20260501-045258-846515/summary.json,2026-05-01T04:52:58,compact-fgp3-v64-building2-group318-330,1542,1297,245,18.89,138,31,59,279,20,7103,425,measured,
building3,BUILDING,3,high,fgpilot building3 lowtide 0 night 1 holiday 0 raft-stage 4 island-pos -154 54 perf-log noloop seed 1,FG\BUIL3.FG2,generated/ps1/foreground/BUILDING3.FG2,391266,scratch/ps1-perf-iterate/building3-low-fgp3-auto-prime-canaries/20260430-133314-4033228/summary.json,2026-04-30T13:33:14,compact-fgp3-v48-building3low-auto-prime,1565,1430,135,9.44,5,5,27,133,0,7517,192,measured,
building3,BUILDING,3,low,fgpilot building3 lowtide 1 night 1 holiday 0 raft-stage 4 island-pos -154 54 perf-log noloop seed 1,FG\BUIL3LOW.FG2,generated/ps1/foreground/BUIL3LOW.FG2,263908,scratch/ps1-perf-iterate/building3-low-fgp3-auto-prime/20260430-133208-4026462/summary.json,2026-04-30T13:32:08,compact-fgp3-v48-building3low-auto-prime,1564,1434,130,9.07,0,0,0,0,0,7709,129,measured,
building4,BUILDING,4,high,fgpilot building4 lowtide 0 night 1 holiday 0 raft-stage 4 island-pos -154 54 perf-log noloop seed 1,FG\BUIL4.FG2,generated/ps1/foreground/BUILDING4.FG2,1147327,scratch/ps1-perf-iterate/final-frame-hold-probe/20260501-074038-1796631/summary.json,2026-05-01T07:40:38,compact-fgp3-v66-final-frame-hold,2928,2792,136,4.87,234,24,63,378,34,7849,561,measured,
building4,BUILDING,4,low,fgpilot building4 lowtide 1 night 1 holiday 0 raft-stage 4 island-pos -154 54 perf-log noloop seed 1,FG\BUIL4LOW.FG2,generated/ps1/foreground/BUIL4LOW.FG2,1147327,scratch/ps1-perf-iterate/final-frame-hold-probe/20260501-074038-1796631/summary.json,2026-05-01T07:40:38,compact-fgp3-v66-final-frame-hold,2925,2797,128,4.58,96,90,40,299,2,8410,561,measured,
building5,BUILDING,5,high,fgpilot building5 lowtide 0 night 1 holiday 0 raft-stage 4 island-pos -154 54 perf-log noloop seed 1,FG\BUIL5.FG2,generated/ps1/foreground/BUILDING5.FG2,979569,scratch/ps1-perf-iterate/compact-fgp3-v2-fullmatrix/20260429-172047-1328691/building5-high/perf-summary.json,2026-04-29T17:20:47,compact-fgp3-v2-fullmatrix,3504,3336,168,5.04,52,25,69,325,6,9330,479,measured,
building5,BUILDING,5,low,fgpilot building5 lowtide 1 night 1 holiday 0 raft-stage 4 island-pos -154 54 perf-log noloop seed 1,FG\BUIL5LOW.FG2,generated/ps1/foreground/BUIL5LOW.FG2,683697,scratch/ps1-perf-iterate/compact-fgp3-v2-fullmatrix/20260429-172422-1350996/building5-low/perf-summary.json,2026-04-29T17:24:22,compact-fgp3-v2-fullmatrix,3498,3348,150,4.48,16,11,47,223,2,9809,334,measured,
building6,BUILDING,6,high,fgpilot building6 lowtide 0 night 1 holiday 0 raft-stage 4 island-pos -154 54 perf-log noloop seed 1,FG\BUIL6.FG2,generated/ps1/foreground/BUILDING6.FG2,1058595,scratch/ps1-perf-iterate/final-frame-hold-probe/20260501-074038-1796631/summary.json,2026-05-01T07:40:38,compact-fgp3-v66-final-frame-hold,2561,2433,128,5.26,223,16,59,355,33,9784,517,measured,
building6,BUILDING,6,low,fgpilot building6 lowtide 1 night 1 holiday 0 raft-stage 4 island-pos -154 54 perf-log noloop seed 1,FG\BUIL6LOW.FG2,generated/ps1/foreground/BUIL6LOW.FG2,1058595,scratch/ps1-perf-iterate/final-frame-hold-probe/20260501-074038-1796631/summary.json,2026-05-01T07:40:38,compact-fgp3-v66-final-frame-hold,2564,2436,128,5.25,217,16,59,348,33,10301,517,measured,
building7,BUILDING,7,high,fgpilot building7 lowtide 0 night 1 holiday 0 raft-stage 4 island-pos -154 54 perf-log noloop seed 1,FG\BUIL7.FG2,generated/ps1/foreground/BUILDING7.FG2,1061955,scratch/ps1-perf-iterate/compact-fgp3-v2-fullmatrix/20260429-172559-1361125/building7-high/perf-summary.json,2026-04-29T17:25:59,compact-fgp3-v2-fullmatrix,3843,3668,175,4.77,43,24,78,357,4,11177,519,measured,
building7,BUILDING,7,low,fgpilot building7 lowtide 1 night 1 holiday 0 raft-stage 4 island-pos -154 54 perf-log noloop seed 1,FG\BUIL7LOW.FG2,generated/ps1/foreground/BUIL7LOW.FG2,736597,scratch/ps1-perf-iterate/compact-fgp3-v2-fullmatrix/20260429-172703-1367507/building7-low/perf-summary.json,2026-04-29T17:27:03,compact-fgp3-v2-fullmatrix,3830,3676,154,4.19,12,12,50,235,0,11696,360,measured,
fishing1,FISHING,1,high,fgpilot fishing1 lowtide 0 night 1 holiday 0 raft-stage 4 island-pos -154 54 perf-log noloop seed 1,FG\FISHING1.FG2,generated/ps1/foreground/FISHING1.FG2,398433,scratch/ps1-perf-iterate/final-frame-hold-probe/20260501-074038-1796631/summary.json,2026-05-01T07:40:38,compact-fgp3-v66-final-frame-hold,1067,1074,-7,-0.65,2,2,20,89,0,412,195,measured,
fishing1,FISHING,1,low,fgpilot fishing1 lowtide 1 night 1 holiday 0 raft-stage 4 island-pos -154 54 perf-log noloop seed 1,FG\FISH1LOW.FG2,generated/ps1/foreground/FISH1LOW.FG2,303083,scratch/ps1-perf-iterate/compact-fgp3-v2-fullmatrix/20260429-172834-1376761/fishing1-low/perf-summary.json,2026-04-29T17:28:34,compact-fgp3-v2-fullmatrix,1207,1076,131,12.17,0,0,0,0,0,596,148,measured,
fishing2,FISHING,2,high,fgpilot fishing2 lowtide 0 night 1 holiday 0 raft-stage 4 island-pos -154 54 perf-log noloop seed 1,FG\FISHING2.FG2,generated/ps1/foreground/FISHING2.FG2,542743,scratch/ps1-perf-iterate/compact-fgp3-v2-fullmatrix/20260429-172852-1378765/fishing2-high/perf-summary.json,2026-04-29T17:28:52,compact-fgp3-v2-fullmatrix,1899,1765,134,7.59,3,3,14,60,0,744,266,measured,
fishing2,FISHING,2,low,fgpilot fishing2 lowtide 1 night 1 holiday 0 raft-stage 4 island-pos -154 54 perf-log noloop seed 1,FG\FISH2LOW.FG2,generated/ps1/foreground/FISH2LOW.FG2,385436,scratch/ps1-perf-iterate/compact-fgp3-v2-fullmatrix/20260429-172929-1382571/fishing2-low/perf-summary.json,2026-04-29T17:29:29,compact-fgp3-v2-fullmatrix,1898,1767,131,7.41,0,0,10,42,0,1010,189,measured,
fishing3,FISHING,3,high,fgpilot fishing3 lowtide 0 night 1 holiday 0 raft-stage 4 island-pos -154 54 perf-log noloop seed 1,FG\FISHING3.FG2,generated/ps1/foreground/FISHING3.FG2,724829,scratch/ps1-perf-iterate/final-frame-hold-probe/20260501-074038-1796631/summary.json,2026-05-01T07:40:38,compact-fgp3-v66-final-frame-hold,1960,1952,8,0.41,18,13,41,177,1,1210,354,measured,
fishing3,FISHING,3,low,fgpilot fishing3 lowtide 1 night 1 holiday 0 raft-stage 4 island-pos -154 54 perf-log noloop seed 1,FG\FISH3LOW.FG2,generated/ps1/foreground/FISH3LOW.FG2,549622,scratch/ps1-perf-iterate/final-frame-hold-probe/20260501-074038-1796631/summary.json,2026-05-01T07:40:38,compact-fgp3-v66-final-frame-hold,1956,1954,2,0.10,6,6,31,130,0,1564,269,measured,
fishing4,FISHING,4,high,fgpilot fishing4 lowtide 0 night 1 holiday 0 raft-stage 4 island-pos -154 54 perf-log noloop seed 1,FG\FISHING4.FG2,generated/ps1/foreground/FISHING4.FG2,264083,scratch/ps1-perf-iterate/fishing4-low-fgp3-auto-prime-canaries/20260430-132526-3987489/summary.json,2026-04-30T13:25:26,compact-fgp3-v47-fishing4low-auto-prime,967,843,124,14.71,0,0,0,0,0,11820,129,measured,
fishing4,FISHING,4,low,fgpilot fishing4 lowtide 1 night 1 holiday 0 raft-stage 4 island-pos -154 54 perf-log noloop seed 1,FG\FISH4LOW.FG2,generated/ps1/foreground/FISH4LOW.FG2,169264,scratch/ps1-perf-iterate/fishing4-low-fgp3-auto-prime/20260430-132428-3981592/summary.json,2026-04-30T13:24:28,compact-fgp3-v47-fishing4low-auto-prime,967,843,124,14.71,0,0,0,0,0,11949,83,measured,
fishing5,FISHING,5,high,fgpilot fishing5 lowtide 0 night 1 holiday 0 raft-stage 4 island-pos -154 54 perf-log noloop seed 1,FG\FISHING5.FG2,generated/ps1/foreground/FISHING5.FG2,130636,scratch/ps1-perf-iterate/medium-fgp3-prime-refresh/20260430-061351-1531167/summary.json,2026-04-30T06:13:51,compact-fgp3-v30-mediumprime,807,891,-84,-9.43,0,0,0,0,0,12302,64,measured,
fishing5,FISHING,5,low,fgpilot fishing5 lowtide 1 night 1 holiday 0 raft-stage 4 island-pos -154 54 perf-log noloop seed 1,FG\FISH5LOW.FG2,generated/ps1/foreground/FISH5LOW.FG2,130636,scratch/ps1-perf-iterate/medium-fgp3-prime-refresh/20260430-061351-1531167/summary.json,2026-04-30T06:13:51,compact-fgp3-v30-mediumprime,806,891,-85,-9.54,0,0,0,0,0,12366,64,measured,
fishing6,FISHING,6,high,fgpilot fishing6 lowtide 0 night 1 holiday 0 raft-stage 4 island-pos -154 54 perf-log noloop seed 1,FG\FISHING6.FG2,generated/ps1/foreground/FISHING6.FG2,314189,scratch/ps1-perf-iterate/activity12-high-setupprime-canaries/20260430-090055-2496609/summary.json,2026-04-30T09:00:55,compact-fgp3-v38-activity12high-prime,890,753,137,18.19,0,0,0,0,0,12430,154,measured,
fishing6,FISHING,6,low,fgpilot fishing6 lowtide 1 night 1 holiday 0 raft-stage 4 island-pos -154 54 perf-log noloop seed 1,FG\FISH6LOW.FG2,generated/ps1/foreground/FISH6LOW.FG2,252492,scratch/ps1-perf-iterate/auto-fgp3-prime-256-probe/20260430-071322-1877902/summary.json,2026-04-30T07:13:22,compact-fgp3-v32-auto256,890,753,137,18.19,0,0,0,0,0,12584,124,measured,
fishing7,FISHING,7,high,fgpilot fishing7 lowtide 0 night 1 holiday 0 raft-stage 4 island-pos -154 54 perf-log noloop seed 1,FG\FISHING7.FG2,generated/ps1/foreground/FISHING7.FG2,337714,scratch/ps1-perf-iterate/activity12-high-setupprime-canaries/20260430-090055-2496609/summary.json,2026-04-30T09:00:55,compact-fgp3-v38-activity12high-prime,858,725,133,18.34,0,0,0,0,0,12708,165,measured,
fishing7,FISHING,7,low,fgpilot fishing7 lowtide 1 night 1 holiday 0 raft-stage 4 island-pos -154 54 perf-log noloop seed 1,FG\FISH7LOW.FG2,generated/ps1/foreground/FISH7LOW.FG2,224046,scratch/ps1-perf-iterate/auto-fgp3-prime-224-refresh/20260430-065815-1791215/summary.json,2026-04-30T06:58:15,compact-fgp3-v31-auto224,858,725,133,18.34,0,0,0,0,0,12873,110,measured,
fishing8,FISHING,8,high,fgpilot fishing8 lowtide 0 night 1 holiday 0 raft-stage 4 island-pos -154 54 perf-log noloop seed 1,FG\FISHING8.FG2,generated/ps1/foreground/FISHING8.FG2,481766,scratch/ps1-perf-iterate/compact-fgp3-v2-fullmatrix/20260429-173439-1415818/fishing8-high/perf-summary.json,2026-04-29T17:34:39,compact-fgp3-v2-fullmatrix,1393,1245,148,11.89,13,14,35,172,0,13068,236,measured,
fishing8,FISHING,8,low,fgpilot fishing8 lowtide 1 night 1 holiday 0 raft-stage 4 island-pos -154 54 perf-log noloop seed 1,FG\FISH8LOW.FG2,generated/ps1/foreground/FISH8LOW.FG2,285278,scratch/ps1-perf-iterate/auto-fgp3-prime-288-probe/20260430-072355-1940117/summary.json,2026-04-30T07:23:55,compact-fgp3-v33-auto288,1380,1253,127,10.14,0,0,0,0,0,13219,140,measured,
johnny1,JOHNNY,1,high,fgpilot johnny1 lowtide 0 night 1 holiday 0 raft-stage 4 island-pos -154 54 perf-log noloop seed 1,FG\JOHNNY1.FG2,generated/ps1/foreground/JOHNNY1.FG2,448370,scratch/ps1-perf-iterate/compact-fgp3-v2-fullmatrix/20260429-173540-1422283/johnny1-high/perf-summary.json,2026-04-29T17:35:40,compact-fgp3-v2-fullmatrix,2125,1942,183,9.42,31,31,16,96,0,13444,219,measured,
johnny1,JOHNNY,1,low,fgpilot johnny1 lowtide 1 night 1 holiday 0 raft-stage 4 island-pos -154 54 perf-log noloop seed 1,FG\JOHN1LOW.FG2,generated/ps1/foreground/JOHN1LOW.FG2,448370,scratch/ps1-perf-iterate/compact-fgp3-v2-fullmatrix/20260429-173610-1425467/johnny1-low/perf-summary.json,2026-04-29T17:36:10,compact-fgp3-v2-fullmatrix,2129,1942,187,9.63,33,33,16,103,0,13663,219,measured,
johnny2,JOHNNY,2,high,fgpilot johnny2 lowtide 0 night 1 holiday 0 raft-stage 4 island-pos -154 54 perf-log noloop seed 1,FG\JOHNNY2.FG2,generated/ps1/foreground/JOHNNY2.FG2,190470,scratch/ps1-perf-iterate/medium-fgp3-prime-refresh/20260430-061351-1531167/summary.json,2026-04-30T06:13:51,compact-fgp3-v30-mediumprime,1878,1751,127,7.25,0,0,0,0,0,13797,94,measured,
johnny2,JOHNNY,2,low,fgpilot johnny2 lowtide 1 night 1 holiday 0 raft-stage 4 island-pos -154 54 perf-log noloop seed 1,FG\JOHN2LOW.FG2,generated/ps1/foreground/JOHN2LOW.FG2,190470,scratch/ps1-perf-iterate/medium-fgp3-prime-refresh/20260430-061351-1531167/summary.json,2026-04-30T06:13:51,compact-fgp3-v30-mediumprime,1878,1751,127,7.25,0,0,0,0,0,13891,94,measured,
johnny3,JOHNNY,3,high,fgpilot johnny3 lowtide 0 night 1 holiday 0 raft-stage 4 island-pos -154 54 perf-log noloop seed 1,FG\JOHNNY3.FG2,generated/ps1/foreground/JOHNNY3.FG2,321686,scratch/ps1-perf-iterate/activity12-high-setupprime-canaries/20260430-090055-2496609/summary.json,2026-04-30T09:00:55,compact-fgp3-v38-activity12high-prime,1298,1166,132,11.32,0,0,0,0,0,13985,158,measured,
johnny3,JOHNNY,3,low,fgpilot johnny3 lowtide 1 night 1 holiday 0 raft-stage 4 island-pos -154 54 perf-log noloop seed 1,FG\JOHN3LOW.FG2,generated/ps1/foreground/JOHN3LOW.FG2,217473,scratch/ps1-perf-iterate/auto-fgp3-prime-224-refresh/20260430-065815-1791215/summary.json,2026-04-30T06:58:15,compact-fgp3-v31-auto224,1298,1166,132,11.32,0,0,0,0,0,14143,107,measured,
johnny4,JOHNNY,4,high,fgpilot johnny4 lowtide 0 night 1 holiday 0 raft-stage 4 island-pos -154 54 perf-log noloop seed 1,FG\JOHNNY4.FG2,generated/ps1/foreground/JOHNNY4.FG2,173803,scratch/ps1-perf-iterate/johnny4-low-fgp3-auto-prime-canaries/20260430-131841-3947948/summary.json,2026-04-30T13:18:41,compact-fgp3-v46-johnny4low-auto-prime,1341,1214,127,10.46,0,0,0,0,0,14014,85,measured,
johnny4,JOHNNY,4,low,fgpilot johnny4 lowtide 1 night 1 holiday 0 raft-stage 4 island-pos -154 54 perf-log noloop seed 1,FG\JOHN4LOW.FG2,generated/ps1/foreground/JOHN4LOW.FG2,173803,scratch/ps1-perf-iterate/johnny4-low-fgp3-auto-prime/20260430-131730-3940750/summary.json,2026-04-30T13:17:30,compact-fgp3-v46-johnny4low-auto-prime,1341,1214,127,10.46,0,0,0,0,0,14099,85,measured,
johnny5,JOHNNY,5,high,fgpilot johnny5 lowtide 0 night 1 holiday 0 raft-stage 4 island-pos -154 54 perf-log noloop seed 1,FG\JOHNNY5.FG2,generated/ps1/foreground/JOHNNY5.FG2,150172,scratch/ps1-perf-iterate/medium-fgp3-prime-refresh/20260430-061351-1531167/summary.json,2026-04-30T06:13:51,compact-fgp3-v30-mediumprime,947,820,127,15.49,0,0,0,0,0,14516,74,measured,
johnny5,JOHNNY,5,low,fgpilot johnny5 lowtide 1 night 1 holiday 0 raft-stage 4 island-pos -154 54 perf-log noloop seed 1,FG\JOHN5LOW.FG2,generated/ps1/foreground/JOHN5LOW.FG2,150172,scratch/ps1-perf-iterate/medium-fgp3-prime-refresh/20260430-061351-1531167/summary.json,2026-04-30T06:13:51,compact-fgp3-v30-mediumprime,947,820,127,15.49,0,0,0,0,0,14590,74,measured,
johnny6,JOHNNY,6,high,fgpilot johnny6 lowtide 0 night 1 holiday 0 raft-stage 4 island-pos -154 54 perf-log noloop seed 1,FG\JOHNNY6.FG2,generated/ps1/foreground/JOHNNY6.FG2,402498,scratch/ps1-perf-iterate/compact-fgp3-v2-fullmatrix/20260429-174045-1454691/johnny6-high/perf-summary.json,2026-04-29T17:40:45,compact-fgp3-v2-fullmatrix,2895,2800,95,3.39,27,27,12,77,0,14963,197,measured,
johnny6,JOHNNY,6,low,fgpilot johnny6 lowtide 1 night 1 holiday 0 raft-stage 4 island-pos -154 54 perf-log noloop seed 1,FG\JOHN6LOW.FG2,generated/ps1/foreground/JOHN6LOW.FG2,402498,scratch/ps1-perf-iterate/compact-fgp3-v2-fullmatrix/20260429-174103-1456765/johnny6-low/perf-summary.json,2026-04-29T17:41:03,compact-fgp3-v2-fullmatrix,2896,2800,96,3.43,27,27,12,77,0,15160,197,measured,
mary1,MARY,1,high,fgpilot mary1 lowtide 0 night 1 holiday 0 raft-stage 4 island-pos -154 54 perf-log noloop seed 1,FG\MARY1.FG2,generated/ps1/foreground/MARY1.FG2,1616663,scratch/ps1-perf-iterate/compact-fgp3-v2-fullmatrix/20260429-174209-1463305/mary1-high/perf-summary.json,2026-04-29T17:42:09,compact-fgp3-v2-fullmatrix,5004,4826,178,3.69,49,40,119,552,2,15357,790,measured,
mary1,MARY,1,low,fgpilot mary1 lowtide 1 night 1 holiday 0 raft-stage 4 island-pos -154 54 perf-log noloop seed 1,FG\MARY1LOW.FG2,generated/ps1/foreground/MARY1LOW.FG2,1177975,scratch/ps1-perf-iterate/compact-fgp3-v2-fullmatrix/20260429-174228-1465421/mary1-low/perf-summary.json,2026-04-29T17:42:28,compact-fgp3-v2-fullmatrix,4994,4839,155,3.20,26,20,89,413,1,16147,576,measured,
mary2,MARY,2,high,fgpilot mary2 lowtide 0 night 1 holiday 0 raft-stage 4 island-pos -154 54 perf-log noloop seed 1,FG\MARY2.FG2,generated/ps1/foreground/MARY2.FG2,461637,scratch/ps1-perf-iterate/compact-fgp3-v2-fullmatrix/20260429-174411-1475427/mary2-high/perf-summary.json,2026-04-29T17:44:11,compact-fgp3-v2-fullmatrix,2284,2247,37,1.65,7,7,32,152,0,16723,226,measured,
mary2,MARY,2,low,fgpilot mary2 lowtide 1 night 1 holiday 0 raft-stage 4 island-pos -154 54 perf-log noloop seed 1,FG\MARY2LOW.FG2,generated/ps1/foreground/MARY2LOW.FG2,461637,scratch/ps1-perf-iterate/compact-fgp3-v2-fullmatrix/20260429-174428-1477338/mary2-low/perf-summary.json,2026-04-29T17:44:28,compact-fgp3-v2-fullmatrix,2285,2249,36,1.60,6,6,32,155,0,16949,226,measured,
mary3,MARY,3,high,fgpilot mary3 lowtide 0 night 1 holiday 0 raft-stage 4 island-pos -154 54 perf-log noloop seed 1,FG\MARY3.FG2,generated/ps1/foreground/MARY3.FG2,0,scratch/ps1-perf-iterate/compact-fgp3-v2-fullmatrix/20260429-174525-1483097/mary3-high/perf-summary.json,2026-04-29T17:45:25,compact-fgp3-v2-fullmatrix,0,0,,,0,0,0,0,0,0,0,measured,metadata-only; no active-loop timing; excluded from speed averages
mary3,MARY,3,low,fgpilot mary3 lowtide 1 night 1 holiday 0 raft-stage 4 island-pos -154 54 perf-log noloop seed 1,FG\MARY3LOW.FG2,generated/ps1/foreground/MARY3LOW.FG2,0,scratch/ps1-perf-iterate/compact-fgp3-v2-fullmatrix/20260429-174537-1484641/mary3-low/perf-summary.json,2026-04-29T17:45:37,compact-fgp3-v2-fullmatrix,0,0,,,0,0,0,0,0,0,0,measured,metadata-only; no active-loop timing; excluded from speed averages
mary4,MARY,4,high,fgpilot mary4 lowtide 0 night 1 holiday 0 raft-stage 4 island-pos -154 54 perf-log noloop seed 1,FG\MARY4.FG2,generated/ps1/foreground/MARY4.FG2,550831,scratch/ps1-perf-iterate/compact-fgp3-v2-fullmatrix/20260429-174607-1487777/mary4-high/perf-summary.json,2026-04-29T17:46:07,compact-fgp3-v2-fullmatrix,1968,2016,-48,-2.38,28,12,42,224,3,50600,269,measured,
mary4,MARY,4,low,fgpilot mary4 lowtide 1 night 1 holiday 0 raft-stage 4 island-pos -154 54 perf-log noloop seed 1,FG\MARY4LOW.FG2,generated/ps1/foreground/MARY4LOW.FG2,550831,scratch/ps1-perf-iterate/compact-fgp3-v2-fullmatrix/20260429-174613-1488722/mary4-low/perf-summary.json,2026-04-29T17:46:13,compact-fgp3-v2-fullmatrix,1966,2019,-53,-2.63,24,10,42,218,3,50869,269,measured,
mary5,MARY,5,high,fgpilot mary5 lowtide 0 night 1 holiday 0 raft-stage 4 island-pos -154 54 perf-log noloop seed 1,FG\MARY5.FG2,generated/ps1/foreground/MARY5.FG2,498237,scratch/ps1-perf-iterate/compact-fgp3-v2-fullmatrix/20260429-174711-1494522/mary5-high/perf-summary.json,2026-04-29T17:47:11,compact-fgp3-v2-fullmatrix,1687,1583,104,6.57,7,7,37,180,0,51138,244,measured,
mary5,MARY,5,low,fgpilot mary5 lowtide 1 night 1 holiday 0 raft-stage 4 island-pos -154 54 perf-log noloop seed 1,FG\MARY5LOW.FG2,generated/ps1/foreground/MARY5LOW.FG2,498237,scratch/ps1-perf-iterate/compact-fgp3-v2-fullmatrix/20260429-174723-1496053/mary5-low/perf-summary.json,2026-04-29T17:47:23,compact-fgp3-v2-fullmatrix,1688,1583,105,6.63,8,8,37,183,0,51382,244,measured,
miscgag1,MISCGAG,1,high,fgpilot miscgag1 lowtide 0 night 1 holiday 0 raft-stage 4 island-pos -154 54 perf-log noloop seed 1,FG\MISCGAG1.FG2,generated/ps1/foreground/MISCGAG1.FG2,234158,scratch/ps1-perf-iterate/auto-fgp3-prime-256-probe/20260430-071322-1877902/summary.json,2026-04-30T07:13:22,compact-fgp3-v32-auto256,1097,961,136,14.15,0,0,0,0,0,51327,115,measured,
miscgag1,MISCGAG,1,low,fgpilot miscgag1 lowtide 1 night 1 holiday 0 raft-stage 4 island-pos -154 54 perf-log noloop seed 1,FG\MISC1LOW.FG2,generated/ps1/foreground/MISC1LOW.FG2,148484,scratch/ps1-perf-iterate/medium-fgp3-prime-refresh/20260430-061351-1531167/summary.json,2026-04-30T06:13:51,compact-fgp3-v30-mediumprime,1096,961,135,14.05,0,0,0,0,0,51442,73,measured,
miscgag2,MISCGAG,2,high,fgpilot miscgag2 lowtide 0 night 1 holiday 0 raft-stage 4 island-pos -154 54 perf-log noloop seed 1,FG\MISCGAG2.FG2,generated/ps1/foreground/MISCGAG2.FG2,226762,scratch/ps1-perf-iterate/auto-fgp3-prime-224-refresh/20260430-065815-1791215/summary.json,2026-04-30T06:58:15,compact-fgp3-v31-auto224,1352,1356,-4,-0.29,0,0,0,0,0,51515,111,measured,
miscgag2,MISCGAG,2,low,fgpilot miscgag2 lowtide 1 night 1 holiday 0 raft-stage 4 island-pos -154 54 perf-log noloop seed 1,FG\MISC2LOW.FG2,generated/ps1/foreground/MISC2LOW.FG2,226762,scratch/ps1-perf-iterate/auto-fgp3-prime-224-refresh/20260430-065815-1791215/summary.json,2026-04-30T06:58:15,compact-fgp3-v31-auto224,1352,1356,-4,-0.29,0,0,0,0,0,51626,111,measured,
stand1,STAND,1,high,fgpilot stand1 lowtide 0 night 1 holiday 0 raft-stage 4 island-pos -154 54 perf-log noloop seed 1,FG\STAND1.FG2,generated/ps1/foreground/STAND1.FG2,36865,scratch/ps1-perf-iterate/small-fgp3-prime-refresh/20260430-053549-1315712/summary.json,2026-04-30T05:35:49,compact-fgp3-v29-smallprime,342,202,140,69.31,0,0,0,0,0,51737,19,measured,
stand1,STAND,1,low,fgpilot stand1 lowtide 1 night 1 holiday 0 raft-stage 4 island-pos -154 54 perf-log noloop seed 1,FG\STND1LOW.FG2,generated/ps1/foreground/STND1LOW.FG2,19187,scratch/ps1-perf-iterate/small-fgp3-prime-refresh/20260430-053549-1315712/summary.json,2026-04-30T05:35:49,compact-fgp3-v29-smallprime,342,202,140,69.31,0,0,0,0,0,51756,10,measured,
stand2,STAND,2,high,fgpilot stand2 lowtide 0 night 1 holiday 0 raft-stage 4 island-pos -154 54 perf-log noloop seed 1,FG\STAND2.FG2,generated/ps1/foreground/STAND2.FG2,93181,scratch/ps1-perf-iterate/medium-fgp3-prime-refresh/20260430-061351-1531167/summary.json,2026-04-30T06:13:51,compact-fgp3-v30-mediumprime,626,491,135,27.49,0,0,0,0,0,51766,46,measured,
stand2,STAND,2,low,fgpilot stand2 lowtide 1 night 1 holiday 0 raft-stage 4 island-pos -154 54 perf-log noloop seed 1,FG\STND2LOW.FG2,generated/ps1/foreground/STND2LOW.FG2,50081,scratch/ps1-perf-iterate/small-fgp3-prime-refresh/20260430-053549-1315712/summary.json,2026-04-30T05:35:49,compact-fgp3-v29-smallprime,626,491,135,27.49,0,0,0,0,0,51812,25,measured,
stand3,STAND,3,high,fgpilot stand3 lowtide 0 night 1 holiday 0 raft-stage 4 island-pos -154 54 perf-log noloop seed 1,FG\STAND3.FG2,generated/ps1/foreground/STAND3.FG2,98095,scratch/ps1-perf-iterate/medium-fgp3-prime-refresh/20260430-061351-1531167/summary.json,2026-04-30T06:13:51,compact-fgp3-v30-mediumprime,694,558,136,24.37,0,0,0,0,0,51837,48,measured,
stand3,STAND,3,low,fgpilot stand3 lowtide 1 night 1 holiday 0 raft-stage 4 island-pos -154 54 perf-log noloop seed 1,FG\STND3LOW.FG2,generated/ps1/foreground/STND3LOW.FG2,48775,scratch/ps1-perf-iterate/stand3-low-smallprime-final/20260430-053336-1302142/summary.json,2026-04-30T05:33:36,compact-fgp3-v29-smallprime,694,558,136,24.37,0,0,0,0,0,51885,24,measured,
stand4,STAND,4,high,fgpilot stand4 lowtide 0 night 1 holiday 0 raft-stage 4 island-pos -154 54 perf-log noloop seed 1,FG\STAND4.FG2,generated/ps1/foreground/STAND4.FG2,245424,scratch/ps1-perf-iterate/auto-fgp3-prime-256-probe/20260430-071322-1877902/summary.json,2026-04-30T07:13:22,compact-fgp3-v32-auto256,1359,1221,138,11.30,0,0,0,0,0,51909,120,measured,
stand4,STAND,4,low,fgpilot stand4 lowtide 1 night 1 holiday 0 raft-stage 4 island-pos -154 54 perf-log noloop seed 1,FG\STND4LOW.FG2,generated/ps1/foreground/STND4LOW.FG2,140888,scratch/ps1-perf-iterate/medium-fgp3-prime-refresh/20260430-061351-1531167/summary.json,2026-04-30T06:13:51,compact-fgp3-v30-mediumprime,1358,1221,137,11.22,0,0,0,0,0,52029,69,measured,
stand5,STAND,5,high,fgpilot stand5 lowtide 0 night 1 holiday 0 raft-stage 4 island-pos -154 54 perf-log noloop seed 1,FG\STAND5.FG2,generated/ps1/foreground/STAND5.FG2,269112,scratch/ps1-perf-iterate/auto-fgp3-prime-288-probe/20260430-072355-1940117/summary.json,2026-04-30T07:23:55,compact-fgp3-v33-auto288,1595,1461,134,9.17,0,0,0,0,0,52098,132,measured,
stand5,STAND,5,low,fgpilot stand5 lowtide 1 night 1 holiday 0 raft-stage 4 island-pos -154 54 perf-log noloop seed 1,FG\STND5LOW.FG2,generated/ps1/foreground/STND5LOW.FG2,143472,scratch/ps1-perf-iterate/medium-fgp3-prime-refresh/20260430-061351-1531167/summary.json,2026-04-30T06:13:51,compact-fgp3-v30-mediumprime,1594,1461,133,9.10,0,0,0,0,0,52230,71,measured,
stand6,STAND,6,high,fgpilot stand6 lowtide 0 night 1 holiday 0 raft-stage 4 island-pos -154 54 perf-log noloop seed 1,FG\STAND6.FG2,generated/ps1/foreground/STAND6.FG2,268793,scratch/ps1-perf-iterate/auto-fgp3-prime-288-probe/20260430-072355-1940117/summary.json,2026-04-30T07:23:55,compact-fgp3-v33-auto288,1501,1365,136,9.96,0,0,0,0,0,52301,132,measured,
stand6,STAND,6,low,fgpilot stand6 lowtide 1 night 1 holiday 0 raft-stage 4 island-pos -154 54 perf-log noloop seed 1,FG\STND6LOW.FG2,generated/ps1/foreground/STND6LOW.FG2,152213,scratch/ps1-perf-iterate/medium-fgp3-prime-refresh/20260430-061351-1531167/summary.json,2026-04-30T06:13:51,compact-fgp3-v30-mediumprime,1500,1365,135,9.89,0,0,0,0,0,52433,75,measured,
stand7,STAND,7,high,fgpilot stand7 lowtide 0 night 1 holiday 0 raft-stage 4 island-pos -154 54 perf-log noloop seed 1,FG\STAND7.FG2,generated/ps1/foreground/STAND7.FG2,96145,scratch/ps1-perf-iterate/medium-fgp3-prime-refresh/20260430-061351-1531167/summary.json,2026-04-30T06:13:51,compact-fgp3-v30-mediumprime,674,539,135,25.05,0,0,0,0,0,52508,47,measured,
stand7,STAND,7,low,fgpilot stand7 lowtide 1 night 1 holiday 0 raft-stage 4 island-pos -154 54 perf-log noloop seed 1,FG\STND7LOW.FG2,generated/ps1/foreground/STND7LOW.FG2,48455,scratch/ps1-perf-iterate/small-fgp3-prime-refresh/20260430-053549-1315712/summary.json,2026-04-30T05:35:49,compact-fgp3-v29-smallprime,673,538,135,25.09,0,0,0,0,0,52555,24,measured,
stand8,STAND,8,high,fgpilot stand8 lowtide 0 night 1 holiday 0 raft-stage 4 island-pos -154 54 perf-log noloop seed 1,FG\STAND8.FG2,generated/ps1/foreground/STAND8.FG2,95443,scratch/ps1-perf-iterate/medium-fgp3-prime-refresh/20260430-061351-1531167/summary.json,2026-04-30T06:13:51,compact-fgp3-v30-mediumprime,636,501,135,26.95,0,0,0,0,0,52579,47,measured,
stand8,STAND,8,low,fgpilot stand8 lowtide 1 night 1 holiday 0 raft-stage 4 island-pos -154 54 perf-log noloop seed 1,FG\STND8LOW.FG2,generated/ps1/foreground/STND8LOW.FG2,51100,scratch/ps1-perf-iterate/small-fgp3-prime-refresh/20260430-053549-1315712/summary.json,2026-04-30T05:35:49,compact-fgp3-v29-smallprime,635,500,135,27.00,0,0,0,0,0,52626,25,measured,
stand9,STAND,9,high,fgpilot stand9 lowtide 0 night 1 holiday 0 raft-stage 4 island-pos -154 54 perf-log noloop seed 1,FG\STAND9.FG2,generated/ps1/foreground/STAND9.FG2,96251,scratch/ps1-perf-iterate/medium-fgp3-prime-refresh/20260430-061351-1531167/summary.json,2026-04-30T06:13:51,compact-fgp3-v30-mediumprime,674,539,135,25.05,0,0,0,0,0,52651,47,measured,
stand9,STAND,9,low,fgpilot stand9 lowtide 1 night 1 holiday 0 raft-stage 4 island-pos -154 54 perf-log noloop seed 1,FG\STND9LOW.FG2,generated/ps1/foreground/STND9LOW.FG2,48561,scratch/ps1-perf-iterate/small-fgp3-prime-refresh/20260430-053549-1315712/summary.json,2026-04-30T05:35:49,compact-fgp3-v29-smallprime,673,538,135,25.09,0,0,0,0,0,52698,24,measured,
stand10,STAND,10,high,fgpilot stand10 lowtide 0 night 1 holiday 0 raft-stage 4 island-pos -154 54 perf-log noloop seed 1,FG\STAND10.FG2,generated/ps1/foreground/STAND10.FG2,96712,scratch/ps1-perf-iterate/medium-fgp3-prime-refresh/20260430-061351-1531167/summary.json,2026-04-30T06:13:51,compact-fgp3-v30-mediumprime,674,539,135,25.05,0,0,0,0,0,52722,48,measured,
stand10,STAND,10,low,fgpilot stand10 lowtide 1 night 1 holiday 0 raft-stage 4 island-pos -154 54 perf-log noloop seed 1,FG\STND10L.FG2,generated/ps1/foreground/STND10L.FG2,49022,scratch/ps1-perf-iterate/small-fgp3-prime-refresh/20260430-053549-1315712/summary.json,2026-04-30T05:35:49,compact-fgp3-v29-smallprime,673,538,135,25.09,0,0,0,0,0,52770,24,measured,
stand11,STAND,11,high,fgpilot stand11 lowtide 0 night 1 holiday 0 raft-stage 4 island-pos -154 54 perf-log noloop seed 1,FG\STAND11.FG2,generated/ps1/foreground/STAND11.FG2,95506,scratch/ps1-perf-iterate/medium-fgp3-prime-refresh/20260430-061351-1531167/summary.json,2026-04-30T06:13:51,compact-fgp3-v30-mediumprime,673,538,135,25.09,0,0,0,0,0,52794,47,measured,
stand11,STAND,11,low,fgpilot stand11 lowtide 1 night 1 holiday 0 raft-stage 4 island-pos -154 54 perf-log noloop seed 1,FG\STND11L.FG2,generated/ps1/foreground/STND11L.FG2,47816,scratch/ps1-perf-iterate/small-fgp3-prime-refresh/20260430-053549-1315712/summary.json,2026-04-30T05:35:49,compact-fgp3-v29-smallprime,673,538,135,25.09,0,0,0,0,0,52841,24,measured,
stand12,STAND,12,high,fgpilot stand12 lowtide 0 night 1 holiday 0 raft-stage 4 island-pos -154 54 perf-log noloop seed 1,FG\STAND12.FG2,generated/ps1/foreground/STAND12.FG2,275785,scratch/ps1-perf-iterate/auto-fgp3-prime-288-probe/20260430-072355-1940117/summary.json,2026-04-30T07:23:55,compact-fgp3-v33-auto288,1594,1461,133,9.10,0,0,0,0,0,52865,135,measured,
stand12,STAND,12,low,fgpilot stand12 lowtide 1 night 1 holiday 0 raft-stage 4 island-pos -154 54 perf-log noloop seed 1,FG\STND12L.FG2,generated/ps1/foreground/STND12L.FG2,145924,scratch/ps1-perf-iterate/medium-fgp3-prime-refresh/20260430-061351-1531167/summary.json,2026-04-30T06:13:51,compact-fgp3-v30-mediumprime,1593,1460,133,9.11,0,0,0,0,0,53000,72,measured,
stand15,STAND,15,high,fgpilot stand15 lowtide 0 night 1 holiday 0 raft-stage 4 island-pos -154 54 perf-log noloop seed 1,FG\STAND15.FG2,generated/ps1/foreground/STAND15.FG2,208410,scratch/ps1-perf-iterate/auto-fgp3-prime-224-refresh/20260430-065815-1791215/summary.json,2026-04-30T06:58:15,compact-fgp3-v31-auto224,1123,990,133,13.43,0,0,0,0,0,53072,102,measured,
stand15,STAND,15,low,fgpilot stand15 lowtide 1 night 1 holiday 0 raft-stage 4 island-pos -154 54 perf-log noloop seed 1,FG\STND15L.FG2,generated/ps1/foreground/STND15L.FG2,120200,scratch/ps1-perf-iterate/medium-fgp3-prime-refresh/20260430-061351-1531167/summary.json,2026-04-30T06:13:51,compact-fgp3-v30-mediumprime,1122,989,133,13.45,0,0,0,0,0,53174,59,measured,
stand16,STAND,16,high,fgpilot stand16 lowtide 0 night 1 holiday 0 raft-stage 4 island-pos -154 54 perf-log noloop seed 1,FG\STAND16.FG2,generated/ps1/foreground/STAND16.FG2,282218,scratch/ps1-perf-iterate/auto-fgp3-prime-288-probe/20260430-072355-1940117/summary.json,2026-04-30T07:23:55,compact-fgp3-v33-auto288,1322,1191,131,11.00,0,0,0,0,0,53233,138,measured,
stand16,STAND,16,low,fgpilot stand16 lowtide 1 night 1 holiday 0 raft-stage 4 island-pos -154 54 perf-log noloop seed 1,FG\STND16L.FG2,generated/ps1/foreground/STND16L.FG2,176275,scratch/ps1-perf-iterate/medium-fgp3-prime-refresh/20260430-061351-1531167/summary.json,2026-04-30T06:13:51,compact-fgp3-v30-mediumprime,1323,1191,132,11.08,0,0,0,0,0,53371,87,measured,
suzy1,SUZY,1,high,fgpilot suzy1 lowtide 0 night 1 holiday 0 raft-stage 4 island-pos -154 54 perf-log noloop seed 1,FG\SUZY1.FG2,generated/ps1/foreground/SUZY1.FG2,20634648,scratch/ps1-perf-iterate/compact-fgp3-v2-fullmatrix/20260429-180151-1590230/suzy1-high/perf-summary.json,2026-04-29T18:01:51,compact-fgp3-v2-fullmatrix,0,6,,,0,0,0,0,0,55381,10076,measured,metadata-only; no active-loop timing; excluded from speed averages
suzy1,SUZY,1,low,fgpilot suzy1 lowtide 1 night 1 holiday 0 raft-stage 4 island-pos -154 54 perf-log noloop seed 1,FG\SUZY1LOW.FG2,generated/ps1/foreground/SUZY1LOW.FG2,20634648,scratch/ps1-perf-iterate/compact-fgp3-v2-fullmatrix/20260429-180158-1591282/suzy1-low/perf-summary.json,2026-04-29T18:01:58,compact-fgp3-v2-fullmatrix,0,6,,,0,0,0,0,0,65457,10076,measured,metadata-only; no active-loop timing; excluded from speed averages
suzy2,SUZY,2,high,fgpilot suzy2 lowtide 0 night 1 holiday 0 raft-stage 4 island-pos -154 54 perf-log noloop seed 1,FG\SUZY2.FG2,generated/ps1/foreground/SUZY2.FG2,13706356,scratch/ps1-perf-iterate/compact-fgp3-v2-fullmatrix/20260429-180229-1594592/suzy2-high/perf-summary.json,2026-04-29T18:02:29,compact-fgp3-v2-fullmatrix,0,6,,,0,0,0,0,0,75533,6693,measured,metadata-only; no active-loop timing; excluded from speed averages
suzy2,SUZY,2,low,fgpilot suzy2 lowtide 1 night 1 holiday 0 raft-stage 4 island-pos -154 54 perf-log noloop seed 1,FG\SUZY2LOW.FG2,generated/ps1/foreground/SUZY2LOW.FG2,13706356,scratch/ps1-perf-iterate/compact-fgp3-v2-fullmatrix/20260429-180235-1595535/suzy2-low/perf-summary.json,2026-04-29T18:02:35,compact-fgp3-v2-fullmatrix,0,6,,,0,0,0,0,0,82226,6693,measured,metadata-only; no active-loop timing; excluded from speed averages
visitor1,VISITOR,1,high,fgpilot visitor1 lowtide 0 night 1 holiday 0 raft-stage 4 island-pos -154 54 perf-log noloop seed 1,FG\VISITOR1.FG2,generated/ps1/foreground/VISITOR1.FG2,303714,scratch/ps1-perf-iterate/visitor1-high-setupprime-test/20260430-081117-2210710/summary.json,2026-04-30T08:11:17,compact-fgp3-v34-visitor1high-prime,804,677,127,18.76,0,0,0,0,0,86996,149,measured,
visitor1,VISITOR,1,low,fgpilot visitor1 lowtide 1 night 1 holiday 0 raft-stage 4 island-pos -154 54 perf-log noloop seed 1,FG\VIST1LOW.FG2,generated/ps1/foreground/VIST1LOW.FG2,248441,scratch/ps1-perf-iterate/auto-fgp3-prime-256-probe/20260430-071322-1877902/summary.json,2026-04-30T07:13:22,compact-fgp3-v32-auto256,794,677,117,17.28,0,0,0,0,0,87145,122,measured,
visitor3,VISITOR,3,high,fgpilot visitor3 lowtide 0 night 1 holiday 0 raft-stage 4 island-pos -154 54 perf-log noloop seed 1,FG\VISITOR3.FG2,generated/ps1/foreground/VISITOR3.FG2,1533682,scratch/ps1-perf-iterate/final-frame-hold-visitor3-allow5/20260501-075742-1897496/summary.json,2026-05-01T07:57:42,compact-fgp3-v66-final-frame-hold,1416,1008,408,40.48,356,83,57,466,26,86778,749,measured,
visitor3,VISITOR,3,low,fgpilot visitor3 lowtide 1 night 1 holiday 0 raft-stage 4 island-pos -154 54 perf-log noloop seed 1,FG\VIST3LOW.FG2,generated/ps1/foreground/VIST3LOW.FG2,1456504,scratch/ps1-perf-iterate/final-frame-hold-probe/20260501-074038-1796631/summary.json,2026-05-01T07:40:38,compact-fgp3-v66-final-frame-hold,1393,1015,378,37.24,314,83,53,412,22,87527,712,measured,
visitor4,VISITOR,4,high,fgpilot visitor4 lowtide 0 night 1 holiday 0 raft-stage 4 island-pos -154 54 perf-log noloop seed 1,FG\VISITOR4.FG2,generated/ps1/foreground/VISITOR4.FG2,151341,scratch/ps1-perf-iterate/medium-fgp3-prime-refresh/20260430-061351-1531167/summary.json,2026-04-30T06:13:51,compact-fgp3-v30-mediumprime,568,428,140,32.71,0,0,0,0,0,88728,74,measured,
visitor4,VISITOR,4,low,fgpilot visitor4 lowtide 1 night 1 holiday 0 raft-stage 4 island-pos -154 54 perf-log noloop seed 1,FG\VIST4LOW.FG2,generated/ps1/foreground/VIST4LOW.FG2,114147,scratch/ps1-perf-iterate/medium-fgp3-prime-refresh/20260430-061351-1531167/summary.json,2026-04-30T06:13:51,compact-fgp3-v30-mediumprime,568,428,140,32.71,0,0,0,0,0,88802,56,measured,
visitor5,VISITOR,5,high,fgpilot visitor5 lowtide 0 night 1 holiday 0 raft-stage 4 island-pos -154 54 perf-log noloop seed 1,FG\VISITOR5.FG2,generated/ps1/foreground/VISITOR5.FG2,581660,scratch/ps1-perf-iterate/compact-fgp3-v2-fullmatrix/20260429-180600-1618580/visitor5-high/perf-summary.json,2026-04-29T18:06:00,compact-fgp3-v2-fullmatrix,1274,1083,191,17.64,79,34,43,235,9,91001,285,measured,
visitor5,VISITOR,5,low,fgpilot visitor5 lowtide 1 night 1 holiday 0 raft-stage 4 island-pos -154 54 perf-log noloop seed 1,FG\VIST5LOW.FG2,generated/ps1/foreground/VIST5LOW.FG2,404778,scratch/ps1-perf-iterate/compact-fgp3-v2-fullmatrix/20260429-180605-1619348/visitor5-low/perf-summary.json,2026-04-29T18:06:05,compact-fgp3-v2-fullmatrix,1244,1088,156,14.34,49,14,29,163,6,91286,198,measured,
visitor6,VISITOR,6,high,fgpilot visitor6 lowtide 0 night 1 holiday 0 raft-stage 4 island-pos -154 54 perf-log noloop seed 1,FG\VISITOR6.FG2,generated/ps1/foreground/VISITOR6.FG2,458550,scratch/ps1-perf-iterate/compact-fgp3-v2-fullmatrix/20260429-180818-1623558/visitor6-high/perf-summary.json,2026-04-29T18:08:18,compact-fgp3-v2-fullmatrix,2195,2042,153,7.49,13,13,32,176,0,91484,224,measured,
visitor6,VISITOR,6,low,fgpilot visitor6 lowtide 1 night 1 holiday 0 raft-stage 4 island-pos -154 54 perf-log noloop seed 1,FG\VIST6LOW.FG2,generated/ps1/foreground/VIST6LOW.FG2,276622,scratch/ps1-perf-iterate/auto-fgp3-prime-288-probe/20260430-072355-1940117/summary.json,2026-04-30T07:23:55,compact-fgp3-v33-auto288,2188,2048,140,6.84,0,0,0,0,0,89565,136,measured,
visitor7,VISITOR,7,high,fgpilot visitor7 lowtide 0 night 1 holiday 0 raft-stage 4 island-pos -154 54 perf-log noloop seed 1,FG\VISITOR7.FG2,generated/ps1/foreground/VISITOR7.FG2,372081,scratch/ps1-perf-iterate/visitor7-high-prime-test/20260430-093223-2675735/summary.json,2026-04-30T09:32:23,compact-fgp3-v39-visitor7high-prime,1766,1625,141,8.68,0,0,0,0,0,89701,182,measured,
visitor7,VISITOR,7,low,fgpilot visitor7 lowtide 1 night 1 holiday 0 raft-stage 4 island-pos -154 54 perf-log noloop seed 1,FG\VIST7LOW.FG2,generated/ps1/foreground/VIST7LOW.FG2,227643,scratch/ps1-perf-iterate/visitor7-high-prime-canaries/20260430-093343-2683696/summary.json,2026-04-30T09:33:43,compact-fgp3-v39-visitor7high-prime,1766,1625,141,8.68,0,0,0,0,0,89883,112,measured,
walkstuf1,WALKSTUF,1,high,fgpilot walkstuf1 lowtide 0 night 1 holiday 0 raft-stage 4 island-pos -154 54 perf-log noloop seed 1,FG\WALK1.FG2,generated/ps1/foreground/WALKSTUF1.FG2,2128856,scratch/ps1-perf-iterate/final-frame-hold-probe/20260501-074038-1796631/summary.json,2026-05-01T07:40:38,compact-fgp3-v66-final-frame-hold,1833,1415,418,29.54,423,139,42,514,23,89506,1040,measured,
walkstuf1,WALKSTUF,1,low,fgpilot walkstuf1 lowtide 1 night 1 holiday 0 raft-stage 4 island-pos -154 54 perf-log noloop seed 1,FG\WALK1LOW.FG2,generated/ps1/foreground/WALK1LOW.FG2,2157403,scratch/ps1-perf-iterate/final-frame-hold-probe/20260501-074038-1796631/summary.json,2026-05-01T07:40:38,compact-fgp3-v66-final-frame-hold,1820,1399,421,30.09,452,140,62,560,34,90546,1054,measured,
walkstuf2,WALKSTUF,2,high,fgpilot walkstuf2 lowtide 0 night 1 holiday 0 raft-stage 4 island-pos -154 54 perf-log noloop seed 1,FG\WALK2.FG2,generated/ps1/foreground/WALKSTUF2.FG2,163167,scratch/ps1-perf-iterate/walkstuf2-fgp3-auto-prime/20260430-133947-4071581/summary.json,2026-04-30T13:39:47,compact-fgp3-v49-walkstuf2-auto-prime,593,462,131,28.35,0,0,0,0,0,91589,80,measured,
walkstuf2,WALKSTUF,2,low,fgpilot walkstuf2 lowtide 1 night 1 holiday 0 raft-stage 4 island-pos -154 54 perf-log noloop seed 1,FG\WALK2LOW.FG2,generated/ps1/foreground/WALK2LOW.FG2,163167,scratch/ps1-perf-iterate/walkstuf2-fgp3-auto-prime/20260430-133947-4071581/summary.json,2026-04-30T13:39:47,compact-fgp3-v49-walkstuf2-auto-prime,593,462,131,28.35,0,0,0,0,0,91669,80,measured,
walkstuf3,WALKSTUF,3,high,fgpilot walkstuf3 lowtide 0 night 1 holiday 0 raft-stage 4 island-pos -154 54 perf-log noloop seed 1,FG\WALK3.FG2,generated/ps1/foreground/WALKSTUF3.FG2,1026922,scratch/ps1-perf-iterate/compact-fgp3-v2-fullmatrix/20260429-181255-1652458/walkstuf3-high/perf-summary.json,2026-04-29T18:12:55,compact-fgp3-v2-fullmatrix,2460,2276,184,8.08,79,45,74,400,6,97863,502,measured,
walkstuf3,WALKSTUF,3,low,fgpilot walkstuf3 lowtide 1 night 1 holiday 0 raft-stage 4 island-pos -154 54 perf-log noloop seed 1,FG\WALK3LOW.FG2,generated/ps1/foreground/WALK3LOW.FG2,994669,scratch/ps1-perf-iterate/compact-fgp3-v2-fullmatrix/20260429-181313-1654538/walkstuf3-low/perf-summary.json,2026-04-29T18:13:13,compact-fgp3-v2-fullmatrix,2466,2285,181,7.92,66,38,72,407,5,98365,486,measured,
